Timestamp,WaterLevel
6/15/26 0:00,8.907834844
6/15/26 0:10,9.815481564
6/15/26 0:20,9.651624641
6/15/26 0:30,8.752002776
6/15/26 0:40,8.359739531
6/15/26 0:50,8.075630679
6/15/26 1:00,7.64040851
6/15/26 1:10,7.434186521
6/15/26 1:20,7.287718563
6/15/26 1:30,7.235001606
6/15/26 1:40,7.224533497
6/15/26 1:50,7.131669266
6/15/26 2:00,7.048628355
6/15/26 2:10,6.985086863
6/15/26 2:20,6.879195741
6/15/26 2:30,6.75507369
6/15/26 2:40,6.619023748
6/15/26 2:50,6.544913188
6/15/26 3:00,6.450149664
6/15/26 3:10,6.359845141
6/15/26 3:20,6.300113334
6/15/26 3:30,6.238586967
6/15/26 3:40,6.198358723
6/15/26 3:50,6.117889023
6/15/26 4:00,6.093534704
6/15/26 4:10,6.087599459
6/15/26 4:20,6.02778889
6/15/26 4:30,5.965142008
6/15/26 4:40,5.911701012
6/15/26 4:50,5.942835388
6/15/26 5:00,5.825338762
6/15/26 5:10,5.748443158
6/15/26 5:20,5.83349025
6/15/26 5:30,5.771506954
6/15/26 5:40,5.521338609
6/15/26 5:50,5.261635471
6/15/26 6:00,5.057739081
6/15/26 6:10,4.786079097
6/15/26 6:20,4.311294403
6/15/26 6:30,3.763806467
6/15/26 6:40,3.063777977
6/15/26 6:50,2.400348358
6/15/26 7:00,1.918946871
6/15/26 7:10,1.607386139
6/15/26 7:20,1.216086853
6/15/26 7:30,1.05274206
6/15/26 7:40,0.918767095
6/15/26 7:50,0.947410603
6/15/26 8:00,1.027255482
6/15/26 8:10,1.280158445
6/15/26 8:20,1.524202652
6/15/26 8:30,1.602272038
6/15/26 8:40,1.743200736
6/15/26 8:50,1.831510338
6/15/26 9:00,2.085556766
6/15/26 9:10,2.220437391
6/15/26 9:20,2.346371025
6/15/26 9:30,2.547799473
6/15/26 9:40,2.765625527
6/15/26 9:50,3.079810989
6/15/26 10:00,3.146062782
6/15/26 10:10,3.441713805
6/15/26 10:20,3.654690546
6/15/26 10:30,3.810542879
6/15/26 10:40,3.90864833
6/15/26 10:50,4.002840227
6/15/26 11:00,4.245153071
6/15/26 11:10,4.432850123
6/15/26 11:20,4.601625958
6/15/26 11:30,4.800609981
6/15/26 11:40,4.923126944
6/15/26 11:50,5.076431833
6/15/26 12:00,5.248701595
6/15/26 12:10,5.315219766
6/15/26 12:20,5.407126908
6/15/26 12:30,5.267298886
6/15/26 12:40,5.318636679
6/15/26 12:50,5.260213167
6/15/26 13:00,5.447529326
6/15/26 13:10,5.435662166
6/15/26 13:20,5.209977269
6/15/26 13:30,5.389982479
6/15/26 13:40,5.716787215
6/15/26 13:50,5.94743456
6/15/26 14:00,6.636890967
6/15/26 14:10,7.156395294
6/15/26 14:20,7.275443137
6/15/26 14:30,7.338584247
6/15/26 14:40,7.070784788
6/15/26 14:50,7.160204859
6/15/26 15:00,7.137347813
6/15/26 15:10,7.419889009
6/15/26 15:20,7.358709689
6/15/26 15:30,7.248321052
6/15/26 15:40,7.348195823
6/15/26 15:50,7.150902833
6/15/26 16:00,6.768063642
6/15/26 16:10,6.830219945
6/15/26 16:20,6.799503879
6/15/26 16:30,6.83271626
6/15/26 16:40,6.843386733
6/15/26 16:50,6.647523453
6/15/26 17:00,6.770912074
6/15/26 17:10,6.556267948
6/15/26 17:20,6.624237023
6/15/26 17:30,6.706535495
6/15/26 17:40,6.762197425
6/15/26 17:50,6.777348439
6/15/26 18:00,6.709904872
6/15/26 18:10,6.572709558
6/15/26 18:20,6.67676919
6/15/26 18:30,6.697585118
6/15/26 18:40,6.683274249
6/15/26 18:50,6.629896177
6/15/26 19:00,6.499749129
6/15/26 19:10,6.744574883
6/15/26 19:20,6.869569328
6/15/26 19:30,6.914770118
6/15/26 19:40,6.98182352
6/15/26 19:50,7.016461063
6/15/26 20:00,6.83156323
6/15/26 20:10,6.817745008
6/15/26 20:20,6.773705336
6/15/26 20:30,6.71804096
6/15/26 20:40,6.873444992
6/15/26 20:50,6.946967599
6/15/26 21:00,7.070143965
6/15/26 21:10,7.301999941
6/15/26 21:20,8.108492316
6/15/26 21:30,8.015007822
6/15/26 21:40,7.905665116
6/15/26 21:50,8.652392833
6/15/26 22:00,8.703867164
6/15/26 22:10,8.529098337
6/15/26 22:20,8.735335403
6/15/26 22:30,8.648538477
6/15/26 22:40,9.69711863
6/15/26 22:50,10.75193796
6/15/26 23:00,10.38547885
6/15/26 23:10,10.44628288
6/15/26 23:20,10.47019446
6/15/26 23:30,10.18803083
6/15/26 23:40,10.1137281
6/15/26 23:50,10.08659202
6/16/26 0:00,9.80312349
6/16/26 0:10,9.201881766
6/16/26 0:20,9.066902549
6/16/26 0:30,8.591068012
6/16/26 0:40,7.964125501
6/16/26 0:50,7.313415152
6/16/26 1:00,6.185554334
6/16/26 1:10,5.875376736
6/16/26 1:20,5.627271661
6/16/26 1:30,5.975856014
6/16/26 1:40,6.58204212
6/16/26 1:50,6.58896065
6/16/26 2:00,6.914168804
6/16/26 2:10,7.331405746
6/16/26 2:20,7.680682938
6/16/26 2:30,7.893369662
6/16/26 2:40,8.076521403
6/16/26 2:50,7.442296743
6/16/26 3:00,7.301710307
6/16/26 3:10,7.541316743
6/16/26 3:20,7.240086993
6/16/26 3:30,7.755145705
6/16/26 3:40,7.957284122
6/16/26 3:50,7.959765581
6/16/26 4:00,7.975796174
6/16/26 4:10,7.955753431
6/16/26 4:20,8.042164894
6/16/26 4:30,8.032618326
6/16/26 4:40,8.044339895
6/16/26 4:50,8.011760574
6/16/26 5:00,7.519680712
6/16/26 5:10,7.595954449
6/16/26 5:20,7.77945643
6/16/26 5:30,7.877810426
6/16/26 5:40,7.787048273
6/16/26 5:50,7.324304237
6/16/26 6:00,6.589606163
6/16/26 6:10,6.506159491
6/16/26 6:20,6.114866467
6/16/26 6:30,5.486468029
6/16/26 6:40,4.10780586
6/16/26 6:50,3.154397044
6/16/26 7:00,2.925863563
6/16/26 7:10,2.474071203
6/16/26 7:20,1.813091413
6/16/26 7:30,1.732972693
6/16/26 7:40,1.356530051
6/16/26 7:50,0.701370602
6/16/26 8:00,-0.043797029
6/16/26 8:10,-0.023426434
6/16/26 8:20,-0.630191365
6/16/26 8:30,-0.09603103
6/16/26 8:40,0.018364929
6/16/26 8:50,0.052520023
6/16/26 9:00,0.005805324
6/16/26 9:10,-0.166469318
6/16/26 9:20,0.022186053
6/16/26 9:30,0.304701725
6/16/26 9:40,0.333034457
6/16/26 9:50,0.590055433
6/16/26 10:00,0.665774628
6/16/26 10:10,0.975947997
6/16/26 10:20,1.62792425
6/16/26 10:30,1.752588905
6/16/26 10:40,2.302738404
6/16/26 10:50,2.687440529
6/16/26 11:00,3.277355863
6/16/26 11:10,3.533491013
6/16/26 11:20,3.761507321
6/16/26 11:30,4.212179114
6/16/26 11:40,4.559600089
6/16/26 11:50,5.064133686
6/16/26 12:00,5.1325926
6/16/26 12:10,5.834988894
6/16/26 12:20,5.946214333
6/16/26 12:30,6.443218834
6/16/26 12:40,6.983150383
6/16/26 12:50,7.039110096
6/16/26 13:00,7.091583369
6/16/26 13:10,7.635449592
6/16/26 13:20,8.094490548
6/16/26 13:30,9.356662826
6/16/26 13:40,9.113236667
6/16/26 13:50,9.364372805
6/16/26 14:00,9.629398256
6/16/26 14:10,9.917574474
6/16/26 14:20,9.948485181
6/16/26 14:30,10.64532788
6/16/26 14:40,10.84841586
6/16/26 14:50,11.24489825
6/16/26 15:00,11.47679876
6/16/26 15:10,12.3221222
6/16/26 15:20,12.64715452
6/16/26 15:30,12.9732148
6/16/26 15:40,13.14878096
6/16/26 15:50,13.42306199
6/16/26 16:00,13.66628311
6/16/26 16:10,13.95425845
6/16/26 16:20,14.4435219
6/16/26 16:30,14.55253538
6/16/26 16:40,14.76977879
6/16/26 16:50,15.06630564
6/16/26 17:00,15.46582293
6/16/26 17:10,15.59538714
6/16/26 17:20,15.84342019
6/16/26 17:30,16.0622288
6/16/26 17:40,16.3806908
6/16/26 17:50,16.70910365
6/16/26 18:00,17.01834
6/16/26 18:10,17.3800239
6/16/26 18:20,17.68967221
6/16/26 18:30,17.9399657
6/16/26 18:40,18.18526625
6/16/26 18:50,18.51119024
6/16/26 19:00,18.89261825
6/16/26 19:10,19.1517907
6/16/26 19:20,19.4055112
6/16/26 19:30,19.56503076
6/16/26 19:40,19.70879382
6/16/26 19:50,19.80201632
6/16/26 20:00,20.01685168
6/16/26 20:10,19.97129144
6/16/26 20:20,20.00606976
6/16/26 20:30,20.12074713
6/16/26 20:40,20.10511359
6/16/26 20:50,20.09818509
6/16/26 21:00,20.09818509
6/16/26 21:10,20.0620672
6/16/26 21:20,20.06656328
6/16/26 21:30,20.06490662
6/16/26 21:40,19.91200798
6/16/26 21:50,19.71003183
6/16/26 22:00,19.65348276
6/16/26 22:10,19.66631799
6/16/26 22:20,19.54408921
6/16/26 22:30,19.53438426
6/16/26 22:40,19.24750763
6/16/26 22:50,18.95781562
6/16/26 23:00,18.86820342
6/16/26 23:10,18.73900029
6/16/26 23:20,18.79499525
6/16/26 23:30,18.73837503
6/16/26 23:40,18.6751632
6/16/26 23:50,18.58472152
6/17/26 0:00,18.37945714
6/17/26 0:10,18.19417428
6/17/26 0:20,18.00807949
6/17/26 0:30,17.66711517
6/17/26 0:40,17.45836264
6/17/26 0:50,17.2949922
6/17/26 1:00,17.10820941
6/17/26 1:10,17.12872341
6/17/26 1:20,17.00339299
6/17/26 1:30,16.85061856
6/17/26 1:40,16.75475311
6/17/26 1:50,16.73171959
6/17/26 2:00,16.71387144
6/17/26 2:10,16.69772709
6/17/26 2:20,16.50381441
6/17/26 2:30,16.5602732
6/17/26 2:40,16.56762728
6/17/26 2:50,16.44397074
6/17/26 3:00,16.257097
6/17/26 3:10,16.11107775
6/17/26 3:20,16.12897976
6/17/26 3:30,16.04936201
6/17/26 3:40,15.93472104
6/17/26 3:50,15.94788293
6/17/26 4:00,15.91778648
6/17/26 4:10,15.92854493
6/17/26 4:20,15.97845748
6/17/26 4:30,16.0818756
6/17/26 4:40,16.08514721
6/17/26 4:50,16.15551156
6/17/26 5:00,15.94696776
6/17/26 5:10,15.82328522
6/17/26 5:20,15.69658139
6/17/26 5:30,15.45568908
6/17/26 5:40,14.9787673
6/17/26 5:50,14.64347927
6/17/26 6:00,14.32597545
6/17/26 6:10,14.294324
6/17/26 6:20,14.19460272
6/17/26 6:30,14.15090379
6/17/26 6:40,14.08030316
6/17/26 6:50,14.05624424
6/17/26 7:00,13.87014474
6/17/26 7:10,13.79641362
6/17/26 7:20,13.72488175
6/17/26 7:30,13.18263047
6/17/26 7:40,13.10877805
6/17/26 7:50,13.07823738
6/17/26 8:00,12.94075392
6/17/26 8:10,12.93567735
6/17/26 8:20,13.54098917
6/17/26 8:30,13.54849461
6/17/26 8:40,13.66473029
6/17/26 8:50,13.52982415
6/17/26 9:00,14.10748374
6/17/26 9:10,14.34341002
6/17/26 9:20,14.5215765
6/17/26 9:30,14.9791341
6/17/26 9:40,15.17116553
6/17/26 9:50,15.43660927
6/17/26 10:00,15.51510685
6/17/26 10:10,15.58509197
6/17/26 10:20,15.5517308
6/17/26 10:30,15.50864072
6/17/26 10:40,15.41786727
6/17/26 10:50,15.47323874
6/17/26 11:00,15.45014084
6/17/26 11:10,15.6845918
6/17/26 11:20,15.44390987
6/17/26 11:30,15.63084096
6/17/26 11:40,15.64289188
6/17/26 11:50,15.50594592
6/17/26 12:00,15.16440285
6/17/26 12:10,14.93071239
6/17/26 12:20,14.74664206
6/17/26 12:30,14.70561574
6/17/26 12:40,14.30809992
6/17/26 12:50,14.46887341
6/17/26 13:00,14.27469209
6/17/26 13:10,14.30368438
6/17/26 13:20,13.58217508
6/17/26 13:30,13.05091126
6/17/26 13:40,12.89383259
6/17/26 13:50,12.60161643
6/17/26 14:00,13.79345097
6/17/26 14:10,13.9492595
6/17/26 14:20,14.33144283
6/17/26 14:30,14.13293935
6/17/26 14:40,14.2784318
6/17/26 14:50,14.27592245
6/17/26 15:00,14.4355292
6/17/26 15:10,14.2425827
6/17/26 15:20,14.272245
6/17/26 15:30,14.47310416
6/17/26 15:40,14.42001894
6/17/26 15:50,14.22717235
6/17/26 16:00,14.27401147
6/17/26 16:10,14.2735638
6/17/26 16:20,14.17107885
6/17/26 16:30,14.12459756
6/17/26 16:40,13.94275153
6/17/26 16:50,13.38743543
6/17/26 17:00,13.49508695
6/17/26 17:10,12.92993983
6/17/26 17:20,13.27500996
6/17/26 17:30,12.79391108
6/17/26 17:40,13.08360866
6/17/26 17:50,12.60431308
6/17/26 18:00,12.21247922
6/17/26 18:10,12.23503428
6/17/26 18:20,12.14204522
6/17/26 18:30,12.13385417
6/17/26 18:40,12.10113737
6/17/26 18:50,12.09060083
6/17/26 19:00,12.12488529
6/17/26 19:10,12.0664103
6/17/26 19:20,11.86100872
6/17/26 19:30,11.88076531
6/17/26 19:40,11.95816881
6/17/26 19:50,12.78244055
6/17/26 20:00,12.96371122
6/17/26 20:10,13.23656085
6/17/26 20:20,12.91693743
6/17/26 20:30,13.16182465
6/17/26 20:40,12.83958
6/17/26 20:50,13.00390384
6/17/26 21:00,13.38515025
6/17/26 21:10,13.16934367
6/17/26 21:20,12.87539002
6/17/26 21:30,12.98826692
6/17/26 21:40,12.94079268
6/17/26 21:50,12.95616317
6/17/26 22:00,12.76056022
6/17/26 22:10,12.55648605
6/17/26 22:20,12.44518228
6/17/26 22:30,12.35876771
6/17/26 22:40,12.66831191
6/17/26 22:50,12.71751739
6/17/26 23:00,12.81398692
6/17/26 23:10,12.77812336
6/17/26 23:20,12.55049795
6/17/26 23:30,12.31837294
6/17/26 23:40,11.90636555
6/17/26 23:50,11.78707259
6/18/26 0:00,11.62043815
6/18/26 0:10,11.749533
6/18/26 0:20,11.57574068
6/18/26 0:30,11.57621144
6/18/26 0:40,11.48062736
6/18/26 0:50,11.38528976
6/18/26 1:00,11.39081273
6/18/26 1:10,11.31384668
6/18/26 1:20,11.60306407
6/18/26 1:30,11.73670984
6/18/26 1:40,12.05959525
6/18/26 1:50,12.01356664
6/18/26 2:00,11.9680186
6/18/26 2:10,11.73310678
6/18/26 2:20,11.79616593
6/18/26 2:30,11.54307852
6/18/26 2:40,11.3236325
6/18/26 2:50,11.20714993
6/18/26 3:00,11.01084377
6/18/26 3:10,11.05994798
6/18/26 3:20,10.86808211
6/18/26 3:30,10.69329599
6/18/26 3:40,10.64009045
6/18/26 3:50,10.40015824
6/18/26 4:00,10.5890244
6/18/26 4:10,10.35960579
6/18/26 4:20,10.49849741
6/18/26 4:30,10.56268585
6/18/26 4:40,10.66856282
6/18/26 4:50,10.48656496
6/18/26 5:00,10.65359433
6/18/26 5:10,10.38097078
6/18/26 5:20,10.37720438
6/18/26 5:30,10.19958378
6/18/26 5:40,10.0881761
6/18/26 5:50,10.07182228
6/18/26 6:00,10.37603419
6/18/26 6:10,10.49707023
6/18/26 6:20,10.78525945
6/18/26 6:30,11.05970326
6/18/26 6:40,11.26297372
6/18/26 6:50,11.71506611
6/18/26 7:00,11.91212757
6/18/26 7:10,12.06154735
6/18/26 7:20,11.90890938
6/18/26 7:30,11.98872035
6/18/26 7:40,12.24143451
6/18/26 7:50,11.54789579
6/18/26 8:00,10.78974775
6/18/26 8:10,10.88716416
6/18/26 8:20,10.91343223
6/18/26 8:30,11.0615251
6/18/26 8:40,11.13559266
6/18/26 8:50,11.34336633
6/18/26 9:00,11.55208674
6/18/26 9:10,11.45127603
6/18/26 9:20,11.90077569
6/18/26 9:30,12.32268662
6/18/26 9:40,12.06701832
6/18/26 9:50,12.65696822
6/18/26 10:00,12.86218268
6/18/26 10:10,12.52771274
6/18/26 10:20,12.76412008
6/18/26 10:30,12.93925297
6/18/26 10:40,12.72858334
6/18/26 10:50,13.11590603
6/18/26 11:00,13.46434334
6/18/26 11:10,13.91861133
6/18/26 11:20,13.25382031
6/18/26 11:30,13.60440804
6/18/26 11:40,13.6911116
6/18/26 11:50,14.0046675
6/18/26 12:00,13.94033074
6/18/26 12:10,13.82633673
6/18/26 12:20,13.63032177
6/18/26 12:30,13.76455675
6/18/26 12:40,13.28385609
6/18/26 12:50,12.65321508
6/18/26 13:00,12.46674917
6/18/26 13:10,12.23202131
6/18/26 13:20,11.92005842
6/18/26 13:30,11.81883671
6/18/26 13:40,11.99807554
6/18/26 13:50,12.11696981
6/18/26 14:00,12.40182447
6/18/26 14:10,12.81464732
6/18/26 14:20,12.3149514
6/18/26 14:30,12.38740915
6/18/26 14:40,12.3763015
6/18/26 14:50,12.63855355
6/18/26 15:00,12.15285106
6/18/26 15:10,12.41759929
6/18/26 15:20,11.6506322
6/18/26 15:30,11.54628651
6/18/26 15:40,11.6420788
6/18/26 15:50,11.3901062
6/18/26 16:00,11.22231067
6/18/26 16:10,11.24845969
6/18/26 16:20,11.27460872
6/18/26 16:30,10.97071892
6/18/26 16:40,10.7029061
6/18/26 16:50,10.29818457
6/18/26 17:00,10.68291687
6/18/26 17:10,10.46608079
6/18/26 17:20,10.31437575
6/18/26 17:30,10.52097326
6/18/26 17:40,10.53208469
6/18/26 17:50,11.31250317
6/18/26 18:00,10.87373019
6/18/26 18:10,10.67253499
6/18/26 18:20,10.63689868
6/18/26 18:30,11.10967735
6/18/26 18:40,10.79616413
6/18/26 18:50,10.86585657
6/18/26 19:00,10.72558814
6/18/26 19:10,10.499759
6/18/26 19:20,10.86601859
6/18/26 19:30,11.26408382
6/18/26 19:40,11.63985605
6/18/26 19:50,11.97809651
6/18/26 20:00,12.60738495
6/18/26 20:10,12.98739716
6/18/26 20:20,13.41795409
6/18/26 20:30,13.54621678
6/18/26 20:40,14.00169271
6/18/26 20:50,14.09273091
6/18/26 21:00,14.0209523
6/18/26 21:10,13.99364712
6/18/26 21:20,13.78554939
6/18/26 21:30,13.70914615
6/18/26 21:40,13.68745877
6/18/26 21:50,13.75590357
6/18/26 22:00,13.66309945
6/18/26 22:10,13.70426874
6/18/26 22:20,13.86980323
6/18/26 22:30,13.76408237
6/18/26 22:40,13.93477867
6/18/26 22:50,13.73654195
6/18/26 23:00,13.6578243
6/18/26 23:10,13.47973736
6/18/26 23:20,14.93833902
6/18/26 23:30,14.14753801
6/18/26 23:40,14.00723538
6/18/26 23:50,13.9300579
6/19/26 0:00,13.90553639
6/19/26 0:10,13.86511389
6/19/26 0:20,13.98372743
6/19/26 0:30,14.19907965
6/19/26 0:40,14.6348345
6/19/26 0:50,14.58041977
6/19/26 1:00,14.46101413
6/19/26 1:10,14.44612432
6/19/26 1:20,14.39543373
6/19/26 1:30,14.39467975
6/19/26 1:40,14.33547085
6/19/26 1:50,14.25197661
6/19/26 2:00,14.15159544
6/19/26 2:10,14.97777577
6/19/26 2:20,14.98904988
6/19/26 2:30,14.37831676
6/19/26 2:40,14.57096574
6/19/26 2:50,14.27676359
6/19/26 3:00,14.23911432
6/19/26 3:10,14.37188147
6/19/26 3:20,14.40379667
6/19/26 3:30,14.54030291
6/19/26 3:40,14.82611126
6/19/26 3:50,14.85022445
6/19/26 4:00,14.7794333
6/19/26 4:10,14.60285099
6/19/26 4:20,14.68258208
6/19/26 4:30,14.71213084
6/19/26 4:40,14.64452232
6/19/26 4:50,14.58419253
6/19/26 5:00,14.6283726
6/19/26 5:10,14.4495938
6/19/26 5:20,14.02783723
6/19/26 5:30,13.87568369
6/19/26 5:40,13.82417929
6/19/26 5:50,13.40748101
6/19/26 6:00,12.95048595
6/19/26 6:10,13.46165271
6/19/26 6:20,13.12111419
6/19/26 6:30,12.74151576
6/19/26 6:40,12.27581373
6/19/26 6:50,12.17664968
6/19/26 7:00,12.36103083
6/19/26 7:10,11.95138253
6/19/26 7:20,12.29882903
6/19/26 7:30,12.822268
6/19/26 7:40,13.36244705
6/19/26 7:50,13.86895949
6/19/26 8:00,15.09117065
6/19/26 8:10,14.90802145
6/19/26 8:20,14.83982478
6/19/26 8:30,14.68964782
6/19/26 8:40,14.73974766
6/19/26 8:50,14.82558275
6/19/26 9:00,15.36546633
6/19/26 9:10,15.59424495
6/19/26 9:20,16.35698673
6/19/26 9:30,16.5692403
6/19/26 9:40,16.45574543
6/19/26 9:50,16.94341077
6/19/26 10:00,17.08913232
6/19/26 10:10,17.34846855
6/19/26 10:20,17.60415446
6/19/26 10:30,17.76280919
6/19/26 10:40,17.73198012
6/19/26 10:50,17.70819377
6/19/26 11:00,17.55822837
6/19/26 11:10,17.60788876
6/19/26 11:20,17.47271831
6/19/26 11:30,17.03055063
6/19/26 11:40,16.65416626
6/19/26 11:50,16.24912581
6/19/26 12:00,15.51277772
6/19/26 12:10,14.88348694
6/19/26 12:20,14.69328197
6/19/26 12:30,13.80758929
6/19/26 12:40,13.23906359
6/19/26 12:50,12.22366917
6/19/26 13:00,11.86997913
6/19/26 13:10,11.62407804
6/19/26 13:20,11.05811947
6/19/26 13:30,9.563805048
6/19/26 13:40,8.976872146
6/19/26 13:50,7.836337669
6/19/26 14:00,7.971472292
6/19/26 14:10,7.385752465
6/19/26 14:20,7.733808544
6/19/26 14:30,8.209686503
6/19/26 14:40,9.412480256
6/19/26 14:50,10.43412492
6/19/26 15:00,20.72244703
6/19/26 15:10,18.34240814
6/19/26 15:20,17.18971361
6/19/26 15:30,16.96488801
6/19/26 15:40,16.96488801
6/19/26 15:50,16.22387547
6/19/26 16:00,18.000594138801187
6/19/26 16:10,18.341896329426355
6/19/26 16:20,18.64622592854134
6/19/26 16:30,18.977113516621557
6/19/26 16:40,19.285258880421722
6/19/26 16:50,19.628694492795418
6/19/26 17:00,19.957567222757994
6/19/26 17:10,20.28578371452754
6/19/26 17:20,20.605501608325355
6/19/26 17:30,20.929179962389604
6/19/26 17:40,20.929179962389604
6/19/26 17:50,21.276506464465385
6/19/26 18:00,21.247633154381187
6/19/26 18:10,21.333333333333336
6/19/26 18:20,21.141568938193174
6/19/26 18:30,21.052157933973874
6/19/26 18:40,21.040465814220283
6/19/26 18:50,20.921008517569064
6/19/26 19:00,20.806778801278938
6/19/26 19:10,20.90407890508141
6/19/26 19:20,20.93476661983584
6/19/26 19:30,20.96764184472545
6/19/26 19:40,21.034052549097282
6/19/26 19:50,20.970587799515783
6/19/26 20:00,20.96411373333335
6/19/26 20:10,21.033055062152627
6/19/26 20:20,21.012592637176304
6/19/26 20:30,20.924736544453864
6/19/26 20:40,20.916974096673584
6/19/26 20:50,20.82989035999087
6/19/26 21:00,20.722049608760173
6/19/26 21:10,20.709422635375482
6/19/26 21:20,20.575285333323038
6/19/26 21:30,20.692249159398976
6/19/26 21:40,20.697095801498985
6/19/26 21:50,20.787488762131794
6/19/26 22:00,20.792019705813274
6/19/26 22:10,20.677688587420416
6/19/26 22:20,20.639437857181484
6/19/26 22:30,20.61243258016225
6/19/26 22:40,20.451503546295612
6/19/26 22:50,20.23896026933521
6/19/26 23:00,20.37007674155761
6/19/26 23:10,20.251934798713748
6/19/26 23:20,20.139149619248656
6/19/26 23:30,20.05756538609387
6/19/26 23:40,19.994424583714135
6/19/26 23:50,20.145963770304363
6/20/26 0:00,20.04816361589652
6/20/26 0:10,19.910830884499738
6/20/26 0:20,19.990578083226602
6/20/26 0:30,20.138536793704816
6/20/26 0:40,20.12236575721185
6/20/26 0:50,20.20216031429345
6/20/26 1:00,20.16718092907267
6/20/26 1:10,20.22923089301825
6/20/26 1:20,20.256728269231076
6/20/26 1:30,20.42690135766145
6/20/26 1:40,20.35058565251071
6/20/26 1:50,20.25854446158572
6/20/26 2:00,20.446626845951982
6/20/26 2:10,20.529523436841075
6/20/26 2:20,20.527777979854704
6/20/26 2:30,20.602296974908924
6/20/26 2:40,20.79698693
6/20/26 2:50,20.663471708203744
6/20/26 3:00,20.65237434815125
6/20/26 3:10,20.53299756198423
6/20/26 3:20,20.696461516668784
6/20/26 3:30,20.825888364809394
6/20/26 3:40,20.838712753974207
6/20/26 3:50,20.832724776797136
6/20/26 4:00,20.654000799999988
6/20/26 4:10,20.681419022510838
6/20/26 4:20,20.871743677551464
6/20/26 4:30,20.825109265329772
6/20/26 4:40,20.853217488011943
6/20/26 4:50,20.78796912850415
6/20/26 5:00,20.761587189280554
6/20/26 5:10,20.793675258165806
6/20/26 5:20,20.75575050637842
6/20/26 5:30,20.85028769155258
6/20/26 5:40,20.823952102399026
6/20/26 5:50,20.79531250648101
6/20/26 6:00,20.660252754148896
6/20/26 6:10,20.768619784250255
6/20/26 6:20,20.91493857112706
6/20/26 6:30,21.209086737851752
6/20/26 6:40,21.07328731649386
6/20/26 6:50,21.208108364536656
6/20/26 7:00,21.278096132727455
6/20/26 7:10,21.27265678019039
6/20/26 7:20,21.303711252241065
6/20/26 7:30,21.070341623290275
6/20/26 7:40,20.97598270872959
6/20/26 7:50,20.74988220380139
6/20/26 8:00,20.515205368649617
6/20/26 8:10,20.42110332
6/20/26 8:20,20.23894993
6/20/26 8:30,20.09077106666666
6/20/26 8:40,19.85475673600441
6/20/26 8:50,19.848895355620854
6/20/26 9:00,19.838180000582046
6/20/26 9:10,19.78648989474967
6/20/26 9:20,19.56466949130057
6/20/26 9:30,19.476929295835518
6/20/26 9:40,19.387580585236265
6/20/26 9:50,19.52282625260159
6/20/26 10:00,19.410327053321076
6/20/26 10:10,19.703653829173206
6/20/26 10:20,19.747151943445225
6/20/26 10:30,19.75239339
6/20/26 10:40,19.74539273295413
6/20/26 10:50,19.77695183654241
6/20/26 11:00,19.76859522922939
6/20/26 11:10,19.464458666666665
6/20/26 11:20,19.37666814856543
6/20/26 11:30,19.503710464715788
6/20/26 11:40,19.324508402698257
6/20/26 11:50,19.365186670629328
6/20/26 12:00,19.35230322483741
6/20/26 12:10,19.468517870979863
6/20/26 12:20,19.48405548217056
6/20/26 12:30,19.42419440054956
6/20/26 12:40,19.367343972752792
6/20/26 12:50,19.360689589454527
6/20/26 13:00,19.400822097217056
6/20/26 13:10,19.392269206375243
6/20/26 13:20,19.41392892122698
6/20/26 13:30,19.488140901682755
6/20/26 13:40,19.546853608552624
6/20/26 13:50,19.69133988761348
6/20/26 14:00,19.744146974880096
6/20/26 14:10,19.851622448666152
6/20/26 14:20,19.813354405841856
6/20/26 14:30,19.919561305251023
6/20/26 14:40,20.151482960199473
6/20/26 14:50,20.22054518
6/20/26 15:00,20.250327513435877
6/20/26 15:10,20.145644983612065
6/20/26 15:20,20.22800587677777
6/20/26 15:30,20.390872597950192
6/20/26 15:40,20.339650933333324
6/20/26 15:50,20.377686949733175
6/20/26 16:00,20.38938628
6/20/26 16:10,20.47909597610844
6/20/26 16:20,20.439818734973187
6/20/26 16:30,20.429817072344655
6/20/26 16:40,20.421954194797422
6/20/26 16:50,20.44264422556391
6/20/26 17:00,20.449071329393675
6/20/26 17:10,20.43743171
6/20/26 17:20,20.454611387770115
6/20/26 17:30,20.465903484763775
6/20/26 17:40,20.63672483917628
6/20/26 17:50,20.65063157
6/20/26 18:00,20.622551294635745
6/20/26 18:10,20.586023636706997
6/20/26 18:20,20.62376220703338
6/20/26 18:30,20.579095520471057
6/20/26 18:40,20.59591996666279
6/20/26 18:50,20.601112328400674
6/20/26 19:00,20.570005866666676
6/20/26 19:10,20.420489590166767
6/20/26 19:20,20.493588888840314
6/20/26 19:30,20.729528701790137
6/20/26 19:40,20.617152447633963
6/20/26 19:50,20.679231805631773
6/20/26 20:00,20.817256458010135
6/20/26 20:10,20.873882565088593
6/20/26 20:20,20.768684072563744
6/20/26 20:30,20.839044057741987
6/20/26 20:40,20.663911297808532
6/20/26 20:50,20.715423466666685
6/20/26 21:00,20.789234592371756
6/20/26 21:10,20.770902933333332
6/20/26 21:20,20.652247394238735
6/20/26 21:30,20.65142408421419
6/20/26 21:40,20.631740222515422
6/20/26 21:50,20.53351122923054
6/20/26 22:00,20.74164695
6/20/26 22:10,20.67837687141548
6/20/26 22:20,20.764345755176052
6/20/26 22:30,20.699158932924206
6/20/26 22:40,20.725052754615266
6/20/26 22:50,20.711879733333344
6/20/26 23:00,20.656557998830824
6/20/26 23:10,20.654080172130307
6/20/26 23:20,20.58404813333334
6/20/26 23:30,20.647877794060417
6/20/26 23:40,20.713402488932047
6/20/26 23:50,20.692267043209768
6/21/26 0:00,20.71488916089546
6/21/26 0:10,20.869296726722496
6/21/26 0:20,20.72292005440886
6/21/26 0:30,20.785203034961192
6/21/26 0:40,20.643017227954793
6/21/26 0:50,20.487830341667294
6/21/26 1:00,20.46892481168213
6/21/26 1:10,20.23464841511653
6/21/26 1:20,20.06778446
6/21/26 1:30,19.99058504333664
6/21/26 1:40,19.716656749517483
6/21/26 1:50,19.486788669008625
6/21/26 2:00,19.36182576010386
6/21/26 2:10,19.045464168050255
6/21/26 2:20,18.849550829829546
6/21/26 2:30,18.75270523288066
6/21/26 2:40,18.78468976223773
6/21/26 2:50,18.679528688525465
6/21/26 3:00,18.565199369208283
6/21/26 3:10,18.507652034586123
6/21/26 3:20,18.359041894238924
6/21/26 3:30,18.326569136131905
6/21/26 3:40,18.556159846434944
6/21/26 3:50,18.579685690311862
6/21/26 4:00,18.54638687093306
6/21/26 4:10,18.309116696714153
6/21/26 4:20,18.14582864521773
6/21/26 4:30,17.947186486617476
6/21/26 4:40,17.832277437774415
6/21/26 4:50,17.81714141466375
6/21/26 5:00,17.79302736115767
6/21/26 5:10,17.876798315217723
6/21/26 5:20,18.101398823279247
6/21/26 5:30,18.14863419055291
6/21/26 5:40,18.40589507749985
6/21/26 5:50,18.49540613333333
6/21/26 6:00,18.749612981017776
6/21/26 6:10,18.850199356992675
6/21/26 6:20,19.111587561197858
6/21/26 6:30,19.113425533768655
6/21/26 6:40,19.24557214221951
6/21/26 6:50,19.15628533841293
6/21/26 7:00,19.26691475823918
6/21/26 7:10,19.331531651367115
6/21/26 7:20,19.311611221918234
6/21/26 7:30,19.479752303720225
6/21/26 7:40,19.623353662409997
6/21/26 7:50,19.68593711121931
6/21/26 8:00,19.87753053333332
6/21/26 8:10,19.85818333243519
6/21/26 8:20,19.875546684601396
6/21/26 8:30,20.093203320778688
6/21/26 8:40,20.01345952772128
6/21/26 8:50,19.898344938359024
6/21/26 9:00,19.761685866641002
6/21/26 9:10,19.8210416
6/21/26 9:20,19.886871935088532
6/21/26 9:30,19.901045386628276
6/21/26 9:40,19.83724829244064
6/21/26 9:50,19.668459845966296
6/21/26 10:00,19.64382218138826
6/21/26 10:10,19.745456708473856
6/21/26 10:20,19.77664474958321
6/21/26 10:30,19.88688986761209
6/21/26 10:40,19.725567525129694
6/21/26 10:50,19.725490066192535
6/21/26 11:00,19.689274654749667
6/21/26 11:10,19.64350993
6/21/26 11:20,19.46041252847988
6/21/26 11:30,19.479957231343903
6/21/26 11:40,19.62640109977444
6/21/26 11:50,19.580152282467566
6/21/26 12:00,19.70724866954572
6/21/26 12:10,19.784922434493716
6/21/26 12:20,19.830876561934517
6/21/26 12:30,19.655048624184136
6/21/26 12:40,19.496621959645193
6/21/26 12:50,19.337498745730997
6/21/26 13:00,19.113460544893467
6/21/26 13:10,19.079063700929662
6/21/26 13:20,18.89247680000002
6/21/26 13:30,18.702602528960334
6/21/26 13:40,18.71724287335773
6/21/26 13:50,18.800885751966995
6/21/26 14:00,18.629574655557278
6/21/26 14:10,18.457442639198995
6/21/26 14:20,18.475255066666666
6/21/26 14:30,18.329108988643537
6/21/26 14:40,18.25924295
6/21/26 14:50,18.148143957193728
6/21/26 15:00,18.16893404252657
6/21/26 15:10,18.10432335230102
6/21/26 15:20,17.897298687352645
6/21/26 15:30,17.88445946004144
6/21/26 15:40,17.83565857579553
6/21/26 15:50,17.813109757969453
6/21/26 16:00,17.74784599999998
6/21/26 16:10,17.729110790747768
6/21/26 16:20,17.775732411286413
6/21/26 16:30,17.759151197786462
6/21/26 16:40,17.54900134280464
6/21/26 16:50,17.468818617276952
6/21/26 17:00,17.449894306172386
6/21/26 17:10,17.41867373333332
6/21/26 17:20,17.149027182489174
6/21/26 17:30,16.9477392
6/21/26 17:40,17.013275150428477
6/21/26 17:50,16.85630530102454
6/21/26 18:00,16.73279897721258
6/21/26 18:10,16.705531876922503
6/21/26 18:20,16.646740377562917
6/21/26 18:30,16.81068449484493
6/21/26 18:40,16.85406780610773
6/21/26 18:50,16.820522444729743
6/21/26 19:00,16.931521908302823
6/21/26 19:10,16.89364521296121
6/21/26 19:20,16.804435376157965
6/21/26 19:30,16.827189516456052
6/21/26 19:40,16.75371723782261
6/21/26 19:50,16.75371723782261
6/21/26 20:00,16.74372900302975
6/21/26 20:10,16.731597346266657
6/21/26 20:20,16.702130710260843
6/21/26 20:30,16.637948219640712
6/21/26 20:40,16.635269536677168
6/21/26 20:50,16.59920452528487
6/21/26 21:00,16.547239428299203
6/21/26 21:10,16.499142803351262
6/21/26 21:20,16.509683820032517
6/21/26 21:30,16.464841001710777
6/21/26 21:40,16.391177673271347
6/21/26 21:50,16.33807172904032
6/21/26 22:00,16.35175882880996
6/21/26 22:10,16.314809385535607
6/21/26 22:20,16.233209756882122
6/21/26 22:30,16.08123218702599
6/21/26 22:40,15.97359156241127
6/21/26 22:50,15.908731299558177
6/21/26 23:00,15.835744795200908
6/21/26 23:10,15.769395141607866
6/21/26 23:20,15.73362128860837
6/21/26 23:30,15.688107141567457
6/21/26 23:40,15.79664981464449
6/21/26 23:50,15.802928872879688
6/22/26 0:00,15.739296162376263
6/22/26 0:10,15.784328868673057
6/22/26 0:20,15.921094125412388
6/22/26 0:30,15.872162490030519
6/22/26 0:40,15.74609095530218
6/22/26 0:50,15.749035145819448
6/22/26 1:00,15.686781584215055
6/22/26 1:10,15.688904196450345
6/22/26 1:20,15.623195750683031
6/22/26 1:30,15.602812306309225
6/22/26 1:40,15.643374025338254
6/22/26 1:50,15.579485568840674
6/22/26 2:00,15.733154811982523
6/22/26 2:10,15.634582612179509
6/22/26 2:20,15.62903394345983
6/22/26 2:30,15.539612853464257
6/22/26 2:40,15.446315807390384
6/22/26 2:50,15.28163781213285
6/22/26 3:00,15.139185863277858
6/22/26 3:10,15.117099857438049
6/22/26 3:20,14.970417187905127
6/22/26 3:30,14.861871380009347
6/22/26 3:40,14.869637925855159
6/22/26 3:50,14.78049378241546
6/22/26 4:00,14.730167672856929
6/22/26 4:10,14.858901708889334
6/22/26 4:20,14.81093188241865
6/22/26 4:30,14.825149408617904
6/22/26 4:40,14.789935040512393
6/22/26 4:50,14.777427096410788
6/22/26 5:00,14.760936419628633
6/22/26 5:10,14.677938437355733
6/22/26 5:20,14.62059682
6/22/26 5:30,14.624061890148141
6/22/26 5:40,14.585829361518945
6/22/26 5:50,14.584127781208549
6/22/26 6:00,14.42505592
6/22/26 6:10,14.44188949
6/22/26 6:20,14.4379967
6/22/26 6:30,14.43607048
6/22/26 6:40,14.39933036
6/22/26 6:50,14.36752317
6/22/26 7:00,14.29857679
6/22/26 7:10,14.29857679
6/22/26 7:20,14.30705793
6/22/26 7:30,14.18381213
6/22/26 7:40,14.20141646
6/22/26 7:50,14.22213169
6/22/26 8:00,14.44823014
6/22/26 8:10,14.30377024
6/22/26 8:20,14.06082262
6/22/26 8:30,13.66791715
6/22/26 8:40,13.4651963
6/22/26 8:50,13.44857686
6/22/26 9:00,13.40058136
6/22/26 9:10,13.67007887
6/22/26 9:20,13.78013729
6/22/26 9:30,13.74611298
6/22/26 9:40,13.84526683
6/22/26 9:50,13.80969306
6/22/26 10:00,14.00231051
6/22/26 10:10,13.73639716
6/22/26 10:20,13.66026836
6/22/26 10:30,14.01330804
6/22/26 10:40,14.31727346
6/22/26 10:50,14.41258336
6/22/26 11:00,13.94948668
6/22/26 11:10,13.97379066
6/22/26 11:20,14.76957114
6/22/26 11:30,14.54684179
6/22/26 11:40,14.46250975
6/22/26 11:50,14.16441147
6/22/26 12:00,14.16823737
6/22/26 12:10,14.13145056
6/22/26 12:20,13.62062547
6/22/26 12:30,13.72225268
6/22/26 12:40,13.63133365
6/22/26 12:50,13.84231372
6/22/26 13:00,13.38425822
6/22/26 13:10,13.50383101
6/22/26 13:20,13.2264993
6/22/26 13:30,12.69649454
6/22/26 13:40,13.18868503
6/22/26 13:50,13.36671393
6/22/26 14:00,13.66965564
6/22/26 14:10,13.35190639
6/22/26 14:20,13.78569421
6/22/26 14:30,13.46893754
6/22/26 14:40,13.80179526
6/22/26 14:50,13.40166803
6/22/26 15:00,13.92969811
6/22/26 15:10,13.89929281
6/22/26 15:20,13.51586458
6/22/26 15:30,13.75311073
6/22/26 15:40,13.47130262
6/22/26 15:50,13.68448228
6/22/26 16:00,13.79575298
6/22/26 16:10,14.15171194
6/22/26 16:20,13.18523111
6/22/26 16:30,13.71982983
6/22/26 16:40,13.27592385
6/22/26 16:50,13.17755108
6/22/26 17:00,13.47402816
6/22/26 17:10,13.15874945
6/22/26 17:20,12.93705413
6/22/26 17:30,12.90035972
6/22/26 17:40,12.73188131
6/22/26 17:50,12.48792778
6/22/26 18:00,12.19918317
6/22/26 18:10,12.21952082
6/22/26 18:20,11.86965564
6/22/26 18:30,11.87324003
6/22/26 18:40,11.62470295
6/22/26 18:50,11.67634896
6/22/26 19:00,11.73094066
6/22/26 19:10,11.56260359
6/22/26 19:20,11.48379145
6/22/26 19:30,11.86666764
6/22/26 19:40,11.77956073
6/22/26 19:50,12.2660064
6/22/26 20:00,12.25089744
6/22/26 20:10,12.37311951
6/22/26 20:20,12.56894115
6/22/26 20:30,13.0271446
6/22/26 20:40,12.9320738
6/22/26 20:50,13.41056604
6/22/26 21:00,13.34752
6/22/26 21:10,13.68286998
6/22/26 21:20,14.01481083
6/22/26 21:30,14.0918933
6/22/26 21:40,14.03991402
6/22/26 21:50,14.23342356
6/22/26 22:00,14.35470384
6/22/26 22:10,14.53619453
6/22/26 22:20,14.61139866
6/22/26 22:30,14.39405082
6/22/26 22:40,14.32907639
6/22/26 22:50,14.53366899
6/22/26 23:00,14.81669673
6/22/26 23:10,14.67426279
6/22/26 23:20,14.71435215
6/22/26 23:30,14.7777387
6/22/26 23:40,14.88299217
6/22/26 23:50,14.87660178
6/23/26 0:00,14.79023862
6/23/26 0:10,14.89471476
6/23/26 0:20,14.70708843
6/23/26 0:30,14.70318682
6/23/26 0:40,14.65956378
6/23/26 0:50,14.56994976
6/23/26 1:00,14.46634298
6/23/26 1:10,14.4951221
6/23/26 1:20,14.50145054
6/23/26 1:30,14.66753518
6/23/26 1:40,14.72348732
6/23/26 1:50,14.64308314
6/23/26 2:00,14.64673034
6/23/26 2:10,14.71054542
6/23/26 2:20,14.65625989
6/23/26 2:30,14.7317441
6/23/26 2:40,14.75993855
6/23/26 2:50,14.82989662
6/23/26 3:00,14.88831104
6/23/26 3:10,14.89506104
6/23/26 3:20,15.00368139
6/23/26 3:30,15.08487972
6/23/26 3:40,15.07912519
6/23/26 3:50,15.04640162
6/23/26 4:00,15.01577625
6/23/26 4:10,15.0709471
6/23/26 4:20,15.0599582
6/23/26 4:30,15.08815692
6/23/26 4:40,15.23301478
6/23/26 4:50,15.26476232
6/23/26 5:00,15.06890733
6/23/26 5:10,15.11907781
6/23/26 5:20,15.08870336
6/23/26 5:30,15.15774638
6/23/26 5:40,15.04624593
6/23/26 5:50,15.00835472
6/23/26 6:00,14.74697515
6/23/26 6:10,14.49017541
6/23/26 6:20,14.40063423
6/23/26 6:30,14.17682305
6/23/26 6:40,13.67122171
6/23/26 6:50,12.80865592
6/23/26 7:00,12.41008125
6/23/26 7:10,12.22213274
6/23/26 7:20,11.89062687
6/23/26 7:30,11.77184197
6/23/26 7:40,11.59450192
6/23/26 7:50,11.41326753
6/23/26 8:00,11.54880899
6/23/26 8:10,11.57876931
6/23/26 8:20,11.80464476
6/23/26 8:30,11.96947592
6/23/26 8:40,12.47771314
6/23/26 8:50,12.48852731
6/23/26 9:00,12.69047399
6/23/26 9:10,11.94461392
6/23/26 9:20,12.40888957
6/23/26 9:30,13.45761626
6/23/26 9:40,13.50055279
6/23/26 9:50,13.83204879
6/23/26 10:00,14.46863243
6/23/26 10:10,14.2474667
6/23/26 10:20,14.36151532
6/23/26 10:30,14.28278934
6/23/26 10:40,13.98265087
6/23/26 10:50,13.46649494
6/23/26 11:00,13.03458583
6/23/26 11:10,13.58509987
6/23/26 11:20,13.96423595
6/23/26 11:30,14.15437985
6/23/26 11:40,14.06078438
6/23/26 11:50,14.3197437
6/23/26 12:00,13.64216321
6/23/26 12:10,13.5259051
6/23/26 12:20,13.93230723
6/23/26 12:30,13.49911301
6/23/26 12:40,13.99297973
6/23/26 12:50,13.74486769
6/23/26 13:00,13.6264091
6/23/26 13:10,14.20195844
6/23/26 13:20,13.4820731
6/23/26 13:30,15.40463264
6/23/26 13:40,15.11034302
6/23/26 13:50,15.55713198
6/23/26 14:00,15.91056981
6/23/26 14:10,15.55725841
6/23/26 14:20,15.22154516
6/23/26 14:30,16.53604753
6/23/26 14:40,16.1840735
6/23/26 14:50,17.26343479
6/23/26 15:00,17.27841732
6/23/26 15:10,17.31478795
6/23/26 15:20,16.49235115
6/23/26 15:30,17.29219915
6/23/26 15:40,17.16083369
6/23/26 15:50,17.28339432
6/23/26 16:00,16.94918113
6/23/26 16:10,17.69560762
6/23/26 16:20,18.23745499
6/23/26 16:30,17.92989821
6/23/26 16:40,17.97600278
6/23/26 16:50,17.61691692
6/23/26 17:00,17.30342194
6/23/26 17:10,17.16188949
6/23/26 17:20,16.80346019
6/23/26 17:30,17.38039388
6/23/26 17:40,16.29351713
6/23/26 17:50,17.29120571
6/23/26 18:00,16.52438429
6/23/26 18:10,16.57256732
6/23/26 18:20,16.16763851
6/23/26 18:30,16.04719158
6/23/26 18:40,16.37944294
6/23/26 18:50,16.10099774
6/23/26 19:00,16.00682968
6/23/26 19:10,17.27593266
6/23/26 19:20,17.23238771
6/23/26 19:30,17.3252276
6/23/26 19:40,17.20473659
6/23/26 19:50,17.15089492
6/23/26 20:00,17.32686559
6/23/26 20:10,17.03254396
6/23/26 20:20,16.93208549
6/23/26 20:30,16.6974538
6/23/26 20:40,16.12222404
6/23/26 20:50,16.08869723
6/23/26 21:00,16.10325271
6/23/26 21:10,15.34368561
6/23/26 21:20,14.89926027
6/23/26 21:30,14.74553269
6/23/26 21:40,14.59676896
6/23/26 21:50,14.30429042
6/23/26 22:00,14.1978885
6/23/26 22:10,13.90852578
6/23/26 22:20,14.24664776
6/23/26 22:30,13.77392949
6/23/26 22:40,13.54813747
6/23/26 22:50,14.15577674
6/23/26 23:00,13.4356171
6/23/26 23:10,13.28112004
6/23/26 23:20,13.62359786
6/23/26 23:30,13.47259557
6/23/26 23:40,12.66675199
6/23/26 23:50,12.5050917
6/24/26 0:00,12.22958183
6/24/26 0:10,12.15700084
6/24/26 0:20,12.95159494
6/24/26 0:30,12.58669097
6/24/26 0:40,12.59939307
6/24/26 0:50,12.55364699
6/24/26 1:00,12.50821982
6/24/26 1:10,12.59635672
6/24/26 1:20,12.45795155
6/24/26 1:30,12.49243628
6/24/26 1:40,11.97299751
6/24/26 1:50,11.86120283
6/24/26 2:00,11.92232038
6/24/26 2:10,11.84645871
6/24/26 2:20,11.97096627
6/24/26 2:30,11.94015485
6/24/26 2:40,11.8634305
6/24/26 2:50,11.92272378
6/24/26 3:00,11.75313391
6/24/26 3:10,11.66542729
6/24/26 3:20,11.18182345
6/24/26 3:30,11.12934756
6/24/26 3:40,11.20802905
6/24/26 3:50,11.52187505
6/24/26 4:00,12.17830482
6/24/26 4:10,12.5299167
6/24/26 4:20,12.71530873
6/24/26 4:30,12.27669682
6/24/26 4:40,11.97232394
6/24/26 4:50,12.05237011
6/24/26 5:00,12.35696269
6/24/26 5:10,12.1310511
6/24/26 5:20,12.40691004
6/24/26 5:30,12.33072541
6/24/26 5:40,12.33696064
6/24/26 5:50,12.31246423
6/24/26 6:00,12.20077391
6/24/26 6:10,12.25671885
6/24/26 6:20,11.90654482
6/24/26 6:30,11.97126188
6/24/26 6:40,11.61066425
6/24/26 6:50,11.42933599
6/24/26 7:00,11.15708704
6/24/26 7:10,11.44936756
6/24/26 7:20,11.08470328
6/24/26 7:30,10.97860032
6/24/26 7:40,11.13262289
6/24/26 7:50,11.67718237
6/24/26 8:00,11.17824733
6/24/26 8:10,11.10909242
6/24/26 8:20,11.20070688
6/24/26 8:30,11.91112453
6/24/26 8:40,11.82430388
6/24/26 8:50,11.66784659
6/24/26 9:00,11.89985186
6/24/26 9:10,12.09764168
6/24/26 9:20,12.24827752
6/24/26 9:30,12.7009717
6/24/26 9:40,12.82451002
6/24/26 9:50,13.38076446
6/24/26 10:00,13.98310579
6/24/26 10:10,14.29623378
6/24/26 10:20,14.14845137
6/24/26 10:30,14.3625938
6/24/26 10:40,14.40212836
6/24/26 10:50,14.84854491
6/24/26 11:00,15.51745414
6/24/26 11:10,15.76594117
6/24/26 11:20,15.31154373
6/24/26 11:30,15.33052057
6/24/26 11:40,15.47952693
6/24/26 11:50,16.45524051
6/24/26 12:00,15.93625496
6/24/26 12:10,16.33323451
6/24/26 12:20,16.30345012
6/24/26 12:30,16.21733935
6/24/26 12:40,15.89048302
6/24/26 12:50,15.5743629
6/24/26 13:00,15.22554701
6/24/26 13:10,15.45100079
6/24/26 13:20,15.13822864
6/24/26 13:30,14.34110808
6/24/26 13:40,14.94458183
6/24/26 13:50,14.89942029
6/24/26 14:00,14.92419376
6/24/26 14:10,14.70037889
6/24/26 14:20,15.30792942
6/24/26 14:30,14.66776984
6/24/26 14:40,14.4555609
6/24/26 14:50,14.41615946
6/24/26 15:00,14.42218476
6/24/26 15:10,14.27992076
6/24/26 15:20,13.89464107
6/24/26 15:30,13.73512451
6/24/26 15:40,14.10050021
6/24/26 15:50,13.55733379
6/24/26 16:00,13.87729799
6/24/26 16:10,14.37907135
6/24/26 16:20,14.46946998
6/24/26 16:30,13.37533527
6/24/26 16:40,13.75022848
6/24/26 16:50,13.31378048
6/24/26 17:00,12.52753421
6/24/26 17:10,12.47563041
6/24/26 17:20,12.93956273
6/24/26 17:30,12.64228154
6/24/26 17:40,12.24400648
6/24/26 17:50,12.8207133
6/24/26 18:00,11.74111492
6/24/26 18:10,11.71655583
6/24/26 18:20,11.01925337
6/24/26 18:30,11.21606445
6/24/26 18:40,10.79166541
6/24/26 18:50,11.43700434
6/24/26 19:00,11.20995312
6/24/26 19:10,10.91472146
6/24/26 19:20,11.5516885
6/24/26 19:30,12.24312937
6/24/26 19:40,12.33682892
6/24/26 19:50,12.90911979
6/24/26 20:00,13.19742898
6/24/26 20:10,12.73994271
6/24/26 20:20,12.87328411
6/24/26 20:30,13.10878799
6/24/26 20:40,13.0224959
6/24/26 20:50,13.21346319
6/24/26 21:00,13.40572581
6/24/26 21:10,13.0319384
6/24/26 21:20,13.49145744
6/24/26 21:30,13.9560169
6/24/26 21:40,14.41830422
6/24/26 21:50,14.52219876
6/24/26 22:00,14.674596
6/24/26 22:10,14.19382967
6/24/26 22:20,14.38960795
6/24/26 22:30,14.32763559
6/24/26 22:40,14.67680241
6/24/26 22:50,14.82732836
6/24/26 23:00,14.81877412
6/24/26 23:10,14.89271735
6/24/26 23:20,15.06733596
6/24/26 23:30,15.04059366
6/24/26 23:40,14.94271137
6/24/26 23:50,15.15530576
6/25/26 0:00,15.04809273
6/25/26 0:10,15.18859751
6/25/26 0:20,15.05790523
6/25/26 0:30,15.29338842
6/25/26 0:40,15.42415536
6/25/26 0:50,15.49291737
6/25/26 1:00,15.08469019
6/25/26 1:10,14.91932823
6/25/26 1:20,14.0433006
6/25/26 1:30,13.4197134
6/25/26 1:40,12.741777
6/25/26 1:50,13.37047281
6/25/26 2:00,12.88152673
6/25/26 2:10,13.69150481
6/25/26 2:20,13.53102712
6/25/26 2:30,13.41824569
6/25/26 2:40,12.89808891
6/25/26 2:50,12.78909592
6/25/26 3:00,13.10104802
6/25/26 3:10,12.91664811
6/25/26 3:20,13.59756004
6/25/26 3:30,13.29345989
6/25/26 3:40,13.15158374
6/25/26 3:50,13.51388493
6/25/26 4:00,13.49903438
6/25/26 4:10,13.67393402
6/25/26 4:20,13.98862614
6/25/26 4:30,13.60563444
6/25/26 4:40,13.14159132
6/25/26 4:50,13.35734016
6/25/26 5:00,13.03776771
6/25/26 5:10,13.17067851
6/25/26 5:20,13.07350786
6/25/26 5:30,13.1974729
6/25/26 5:40,13.00220357
6/25/26 5:50,13.35566745
6/25/26 6:00,13.73928156
6/25/26 6:10,13.63721581
6/25/26 6:20,13.53945208
6/25/26 6:30,13.98083141
6/25/26 6:40,14.22388795
6/25/26 6:50,14.39323869
6/25/26 7:00,14.62822841
6/25/26 7:10,14.81673116
6/25/26 7:20,14.57359382
6/25/26 7:30,14.51915654
6/25/26 7:40,14.51537838
6/25/26 7:50,14.76487793
6/25/26 8:00,14.76413182
6/25/26 8:10,14.69924325
6/25/26 8:20,14.83321452
6/25/26 8:30,14.46681762
6/25/26 8:40,14.94842802
6/25/26 8:50,14.95498077
6/25/26 9:00,15.13578686
6/25/26 9:10,15.47028728
6/25/26 9:20,15.44398107
6/25/26 9:30,15.42178465
6/25/26 9:40,15.84889583
6/25/26 9:50,15.55470517
6/25/26 10:00,15.49771232
6/25/26 10:10,15.65633423
6/25/26 10:20,15.66592372
6/25/26 10:30,15.51928965
6/25/26 10:40,15.93086252
6/25/26 10:50,15.31631828
6/25/26 11:00,15.87559247
6/25/26 11:10,15.34484748
6/25/26 11:20,15.34895854
6/25/26 11:30,15.50449143
6/25/26 11:40,15.61992914
6/25/26 11:50,15.6246904
6/25/26 12:00,15.33300266
6/25/26 12:10,15.37474777
6/25/26 12:20,14.71212653
6/25/26 12:30,14.93228494
6/25/26 12:40,14.30458792
6/25/26 12:50,14.00086619
6/25/26 13:00,13.31821643
6/25/26 13:10,13.50529824
6/25/26 13:20,12.66743971
6/25/26 13:30,12.44808025